Title;Series Title;Author;ISBN;Level;Source of Level;Lexile Measure;Source of Lexile
*Fox series (Fox and His Friends - first book);Fox;Marshall, Edward;9780140370072;J;Fountas and Pinnell;;
*Buster and the Giant Pumpkin;Postcards from Buster;Brown, Marc;9780316001113;J;Fountas and Pinnell;;
*Buster Hunts for Dinosaurs;Postcards from Buster;Brown, Marc;97803116001274;J;Fountas and Pinnell;;
*Where the Wild Things Are;Scholastic;Sendak, Maurice;9780064431781;J;Fountas and Pinnell;;
Zelda and Ivy Series;Zelda and Ivy;Kvasnosky, Laura McGee;9780763632618 (Book One) ;J;Scholastic;;
*Space Race;;Cowley, Joy;97807802454008;J;Fountas and Pinnell;;
*The Dumb Bunnies;;Pilkey, Dav;9780439669443;J;Fountas and Pinnell;;
The Littles Series;The Littles;Peterson, John;9780590462259 (Book One) ;J, K, L;Scholastic;;
*The Teacher from the Black Lagoon;Black Lagoon;Thaler, Mark;9780545065221;K;Fountas and Pinnell;;
*Commander Toad in Space;Commander Toad;Yolen, Jane;9780698113558;K;Fountas and Pinnell;;
Houndsley and Catina Series;Houndsley and Catina;Howe, James;9780763632939 (Book One);K;Scholastic;;
*Bony-Legs;;Cole, Joanna;9780590332224;K;Fountas and Pinnell;;
*Monster Movie;;Cole, Joanna;9780590402064;K;Fountas and Pinnell;;
*The Leaf Men and the Brave Good Bugs;;Joyce, William;9780064438179;K;Scholastic;;
The Paper Bag Princess;;Munsch, Robert;9780920236161;K;Scholastic;;
Minnie and Moo Series;Minnie and Moo;Cazet, Denys;9780789425379 (Book One);K, L, M;Scholastic;;
*Vampire Trouble;Bailey City Monsters;"Dadey, Debbie; Jones, Marcia Thornton";9780590108461;L;Fountas and Pinnell;;
Marco? Polo!;Time Warp Trio;Scieszka, Jon;9780142411773;L;Scholastic;;
Werewolf Club Series;Werewolf Club;Pinkwater, Daniel Manus;9780689837906 (Book One);L;Scholastic;;
*The Dragons of Blueland;;Gannett, Ruth Stiles;9780394890500;L;Fountas and Pinnell;;
*The Dragons Of Blueland;;Gannett, Ruth Stiles;9780394890500;L;Fountas and Pinnell;;
*When the Giants Came to Town;;Leonard, Marcia;9780590468923;L;Fountas and Pinnell;;
Dogzilla;;Pilkey, Dav;9780152049492;L;Scholastic;;
Loretta and the Little Fairy;;Scheidl, Gerda Marie;9781558583535;L;Scholastic;;
Pish and Posh;;Bottner, Barbara;9780060514167;L;Scholastic;;
The Magic Hat;;Fox, Mem;9780152010256;L;Scholastic;;
The Wretched Stone;;Van Allsburg, Chris;9780395533079 (Hardcover);L;Scholastic;;
Anyone But Me;Katie Kazoo, Switcheroo;Krulik, Nancy;9780448426532;M;Scholastic;;
*Afternoon on the Amazon;Magic Tree House;Osborne, Mary Pope;9780679863724;M;Fountas and Pinnell;;
*Buffalo Before Breakfast;Magic Tree House;Osborne, Mary Pope;9780679890645;M;Fountas and Pinnell;;
*Civil War on Sunday;Magic Tree House;Osborne, Mary Pope;9780679890676;M;Fountas and Pinnell;;
*Day of the Dragon King;Magic Tree House;Osborne, Mary Pope;9780679890515;M;Fountas and Pinnell;;
*Dingoes at Dinnertime;Magic Tree House;Osborne, Mary Pope;9780679890669;M;Fountas and Pinnell;;
*Dingoes at Dinnertime;Magic Tree House;Osborne, Mary Pope;9780679890669;M;Fountas and Pinnell;;
*Dinosaurs Before Dark;Magic Tree House;Osborne, Mary Pope;9780679824114;M;Fountas and Pinnell;;
*Dolphins at Daybreak;Magic Tree House;Osborne, Mary Pope;9780679883388;M;Fountas and Pinnell;;
*Hour of the Olympics;Magic Tree House;Osborne, Mary Pope;9780679890621;M;Fountas and Pinnell;;
*Lions at Lunchtime;Magic Tree House;Osborne, Mary Pope;9780679883401;M;Fountas and Pinnell;;
*Midnight on the Moon;Magic Tree House;Osborne, Mary Pope;9780679863748;M;Fountas and Pinnell;;
*Mummies in the Morning;Magic Tree House;Osborne, Mary Pope;9780679824244;M;Fountas and Pinnell;;
*Night of the Ninjas;Magic Tree House;Osborne, Mary Pope;9780679863717;M;Fountas and Pinnell;;
*Pirates Past Noon;Magic Tree House;Osborne, Mary Pope;9780679824251;M;Fountas and Pinnell;;
*Polar Bears Past Bedtime;Magic Tree House;Osborne, Mary Pope;9780679883418;M;Fountas and Pinnell;;
*Revolutionary War on Wednesday;Magic Tree House;Osborne, Mary Pope;9780679890683;M;Fountas and Pinnell;;
*Sunset of the Sabertooth;Magic Tree House;Osborne, Mary Pope;9780679863731;M;Fountas and Pinnell;;
*Tigers at Twilight;Magic Tree House;Osborne, Mary Pope;9780679890652;M;Fountas and Pinnell;;
*Tonight on the Titanic;Magic Tree House;Osborne, Mary Pope;9780679890638;M;Fountas and Pinnell;;
*Vacation Under the Volcano;Magic Tree House;Osborne, Mary Pope;9780679890508;M;Fountas and Pinnell;;
*Viking Ships at Sunrise;Magic Tree House;Osborne, Mary Pope;9780679890614;M;Fountas and Pinnell;;
Carnival at Candlelight;Magic Tree House;Osborne, Mary Pope;9789862161203;M;Scholastic;;
Christmas in Camelot;Magic Tree House;Osborne, Mary Pope;9780375858123;M;Scholastic;;
Dragon of the Red Dawn;Magic Tree House;Osborne, Mary Pope;9780375837289;M;Scholastic;;
Earthquake in the Early Morning;Magic Tree House;Osborne, Mary Pope;9780679890706;M;Scholastic;;
Ghost Town at Sundown;Magic Tree House;Osborne, Mary Pope;9780679883395;M;Scholastic;;
Good Morning, Gorillas;Magic Tree House;Osborne, Mary Pope;9780375806148;M;Scholastic;;
Haunted Castle on Hallow's Eve;Magic Tree House;Osborne, Mary Pope;9780375860904;M;Scholastic;;
High Tide in Hawaii;Magic Tree House;Osborne, Mary Pope;9780375806162;M;Scholastic;;
Stage Fright on a Summer Night;Magic Tree House;Osborne, Mary Pope;9780375806117;M;Scholastic;;
Thanksgiving on Thursday;Magic Tree House;Osborne, Mary Pope;9780375806155;M;Scholastic;;
Twister on Tuesday;Magic Tree House;Osborne, Mary Pope;9780679890690;M;Scholastic;;
Winter of the Ice Wizard;Magic Tree House;Osborne, Mary Pope;9780375927362;M;Scholastic;;
Amber the Orange Fairy;Rainbow Magic;Meadows, Daisy;9780439744652;M;Scholastic;;
Heather the Violet Fairy;Rainbow Magic;Meadows, Daisy;9780439746861;M;Scholastic;;
Ruby the Red Fairy;Rainbow Magic;Meadows, Daisy;9780439738613;M;Scholastic;;
Sunny the Yellow Fairy;Rainbow Magic;Meadows, Daisy;9780439744669;M;Scholastic;;
India the Moonstone Fairy;Rainbow Magic: The Jewel Fairies;Meadows, Daisy;9780439935289;M;Scholastic;;
Castle Avamir;The Unicorn's Secret;Duey, Kathleen;9780689853722;M;Scholastic;;
Moonsilver;The Unicorn's Secret;Duey, Kathleen;9780689842696;M;Scholastic;;
Moonsilver (Book One);The Unicorn's Secret;Duey, Kathleen;9780689842696;M;Scholastic;;
The Journey Home;The Unicorn's Secret;Duey, Kathleen;9780689853746;M;Scholastic;;
The Mountains of the Moon;The Unicorn's Secret;Duey, Kathleen;9780689842726;M;Scholastic;;
The Silver Bracelet;The Unicorn's Secret;Duey, Kathleen;9780689842719;M;Scholastic;;
The Silver Thread;The Unicorn's Secret;Duey, Kathleen;9780689842702;M;Scholastic;;
The Sunset Gates;The Unicorn's Secret;Duey, Kathleen;9780689853463;M;Scholastic;;
True Heart;The Unicorn's Secret;Duey, Kathleen;9780689853708;M;Scholastic;;
*Cloudy with a Chance of Meatballs;;Barrett, Judi;9780689707490;M;Fountas and Pinnell;;
*Elmer and the Dragon;;Gannett, Ruth Stiles;9780394890494;M;Fountas and Pinnell;;
*Invisible in the Third Grade;;Cuyler, Margery;9780805041156 (Hardcover);M;Fountas and Pinnell;;
*Stuart Goes to School;;Pennypacker, Sara;9780439301831;M;Fountas and Pinnell;;
*Stuart's Cape;;Pennypacker, Sara;9780439301817;M;Fountas and Pinnell;;
*The Knight at Dawn;;Osborne, Mary Pope;9780679824121;M;Fountas and Pinnell;;
*Wings;;Myers, Christopher;9780590033787;M;Fountas and Pinnell;;
Jumanji;;Van Allsburg, Chris;9780395304488 (Hardcover);M;Scholastic;;
Pickles To Pittsburgh;;Barrett, Judi;9780689839290;M;Scholastic;;
Princess Smartypants;;Cole, Babette;9780698115552;M;Scholastic;;
The Amazing Bone;;Steig, William;9780374403584;M;Scholastic;;
*The Catwing series;Catwings;Le Guin, Ursula;9780439551892;N;Fountas and Pinnell;;
Summer of the Sea Serpent;Magic Tree House;Osborne, Mary Pope;9780375927355;N;Scholastic;;
*Jimmy Zangwow's Out-of-This-World Moon-Pie Adventure;;DiTerlizzi, Tony;9780689855634;N;Fountas and Pinnell;;
*Mufaro's Beautiful Daughters: An African Tale;;Steptoe, John;9780688154813;N;Fountas and Pinnell;;
*My Father's Dragon;;Gannett, Ruth Stiles;9780440421214;N;Fountas and Pinnell;;
Matthew's Dragon;;Cooper, Susan;9780689717949;N;Scholastic;;
Pirate Girl;;Funke, Cornelia;9780439716727;N;Scholastic;;
Sylvester and the Magic Pebble;;Steig, William;9780671662691;N;Scholastic;;
The Dragon Slayers' Academy series;Dragon Slayers' Academy;McMullan, Kate;9780448431086 (Book One);N, O;Scholastic;;
The Evil Elves;Moongobble And Me;Coville, Bruce;9780689857591;O;Scholastic;;
*The Iron Giant;;Hughes, Ted;9780375801532;O;Fountas and Pinnell;;
A Fairy Called Hilary;;Strauss, Linda Leopold;9780439175197;O;Scholastic;;
Maximum Boy series;;Greenberg, Dan;439219485;O;;;
*2095;Time Warp Trio;Scieszka, Jon;9780142400449;P;Fountas and Pinnell;;
*Da Wild, Da Crazy, Da Vinci;Time Warp Trio;Scieszka, Jon;9780142404652;P;Fountas and Pinnell;;
*Hey Kid, Want to Buy a Bridge?;Time Warp Trio;Scieszka, Jon;9780142400890;P;Fountas and Pinnell;;
*It's All Greek to Me;Time Warp Trio;Scieszka, Jon;9780142401163;P;Fountas and Pinnell;;
*Knights of the Kitchen Table (Book One);Time Warp Trio;Scieszka, Jon;9780142400432;P;Fountas and Pinnell;;
*Me Oh Maya;Time Warp Trio;Scieszka, Jon;9780142403006;P;Fountas and Pinnell;;
*Oh Say, I Can't See;Time Warp Trio;Scieszka, Jon;9780142408087;P;Fountas and Pinnell;;
*Sam Samurai;Time Warp Trio;Scieszka, Jon;9780142400883;P;Fountas and Pinnell;;
*See You Later, Gladiator;Time Warp Trio;Scieszka, Jon;9780142401170;P;Fountas and Pinnell;;
*Summer Reading Is Killing Me;Time Warp Trio;Scieszka, Jon;9780142401156;P;Fountas and Pinnell;;
*The Good, the Bad, and the Goofy;Time Warp Trio;Scieszka, Jon;9780142400463;P;Fountas and Pinnell;;
*The Knights of the Kitchen Table;Time Warp Trio;Scieszka, Jon;9780142400432;P;Fountas and Pinnell;;
*The Not-So-Jolly Roger;Time Warp Trio;Scieszka, Jon;9780142400456;P;Fountas and Pinnell;;
*Tut, Tut;Time Warp Trio;Scieszka, Jon;9780142400470;P;Fountas and Pinnell;;
*Viking It And Liking It;Time Warp Trio;Scieszka, Jon;9780142400029;P;Fountas and Pinnell;;
*Your Mother Was a Neanderthal;Time Warp Trio;Scieszka, Jon;9780142400487;P;Fountas and Pinnell;;
*Clever Lollipop;;King-Smith, Dick;9780763621742;P;Fountas and Pinnell;;
*Fantastic Mr. Fox;;Dahl, Roald;9780142410349;P;Fountas and Pinnell;;
*Martin's Mice;;King-Smith, Dick;9780679890980;P;Fountas and Pinnell;;
*Shoebag;;James, Mary;9780590430302;P;Fountas and Pinnell;;
*The Black Snowman;;Mendez, Phil;9780590448734;P;Fountas and Pinnell;;
*The Talking Eggs: A Folktale from the American South;;San Souci, Robert D.;9780590441896;P;Fountas and Pinnell;;
*Weslandia;;Fleischman, Paul;9780763610524;P;Fountas and Pinnell;;
Princess Sonora and the Long Sleep;;Levine, Gail Carson;9780060280642;P;Scholastic;;
The Legend of Spud Murphy;;Colfer, Eoin;9780786855049;P;Scholastic;;
The Spoon in the Bathroom Wall;;Johnston, Tony;9780152056254;P;Scholastic;;
Lucinda's Secret;The Spiderwick Chronicles;DiTerlizzi, Tony;9780689859380 (Hardcover);Q;Scholastic;;
The Field Guide;The Spiderwick Chronicles;DiTerlizzi, Tony;9780689859366 (Hardcover);Q;Scholastic;;
The Seeing Stone;The Spiderwick Chronicles;DiTerlizzi, Tony;9780689859373 (Hardcover);Q;Scholastic;;
The Spiderwick Chronicles series;The Spiderwick Chronicles;DiTerlizzi, Tony;9780689859366 (Book One);Q;Scholastic;;
*James and the Giant Peach;;Dahl, Roald;9780142410363;Q;Fountas and Pinnell;;
*The Dragonling;;Koller, Jackie French;9780671867904;Q;Fountas and Pinnell;;
Fairy Dust and the Quest for the Egg;;Levine, Gail Carson;9781423108191;Q;Scholastic;;
The Magician's Boy;;Cooper, Susan;9781416915553;Q;Scholastic;;
The Secrets of Ms. Snickle's Class;;Hornik, Laurie Miller;9780618034352 (Hardcover);Q;Scholastic;;
Satch and Me;Baseball Card Adventures;Gutman, Dan;9780060594930;R;Scholastic;;
The Prophet of Yonwood;Books of Ember;DuPrau, Jeanne;9780440421245;R;Scholastic;;
*Charlie And The Chocolate Factory;Charlie And The Chocolate Factory;Dahl, Roald;9780142410318;R;Founts and Pinnell;;
*Charlotte's Web;Charlotte's Web;White, E.B.;9780064400558;R;Fountas and Pinnell;;
Return To Del;Deltora Quest;Rodda, Emily;9780439253307;R;Scholastic;;
The Maze Of The Beast;Deltora Quest;Rodda, Emily;9780439253284;R;Scholastic;;
The Maze of the Beast;Deltora Quest;Rodda, Emily;9780439253284;R;Scholastic;;
Cavern of the Fear;Deltora Quest 2;Rodda, Emily;9781865043876;R;Scholastic;;
Forging Of The Blade;Lowthar's Blade;La Fevers, R.L.;9780142405574;R;Scholastic;;
*The Monster's Ring;Magic Shop;Coville, Bruce;9780689856921;R;Fountas and Pinnell;;
The Snow Spider;Magician's Trilogy;Nimmo, Jenny;9780545071260;R;Scholastic;;
*School Spirit;Suddenly Supernatural;Kimmel, Elizabeth Cody;9780316078214;R;Fountas and Pinnell;;
The 39 Clues series;The 39 Clues;Riordan, Rick;9780545090544 (Book One);R;Scholastic;;
The Maze Of Bones;The 39 Clues;Riordan, Rick;9780545090544;R;Scholastic;;
*The Castle in the Attic;The Castle In The Attic;Winthrop, Elizabeth;9780440409410;R;Fountas and Pinnell;;
Midnight Over Sanctaphrax;The Edge Chronicles;Stewart, Paul and Riddell, Chris;9780440420989;R;Scholastic;;
Stormchaser;The Edge Chronicles;Stewart, Paul and Chris Riddell;9780440420880;R;Scholastic;;
The Curse of the Gloamglozer;The Edge Chronicles;Stewart, Paul and Riddell, Chris;9780440420996;R;Scholastic;;
The Last of the Sky Pirates;The Edge Chronicles;Stewart, Paul and Riddell, Chris;9780440421009;R;Scholastic;;
Vox;The Edge Chronicles;Stewart, Paul and Riddell, Chris;9780440421313;R;Scholastic;;
Emlyn's Moon;The Magician Trilogy;Nimmo, Jenny;9780545071253;R;Scholastic;;
Emlyn's Moon (Book Two) ;The Magician Trilogy;Nimmo, Jenny;9780439846769;R;Scholastic;;
The Snow Spider (Book One);The Magician Trilogy;Nimmo, Jenny;9780439846752;R;Scholastic;;
The Ironwood Tree;The Spiderwick Chronicles;"Black, Holly; DiTerlizzi, Tony";9780689859397 (Hardcover);R;Scholastic;;
The Wrath of Mulgarath;The Spiderwick Chronicles;"Black, Holly; DiTerlizzi, Tony";9780689859403 (Hardcover);R;Scholastic;;
*Charlie and the Great Glass Elevator;;Dahl, Roald;9780142410325;R;Fountas and Pinnell;;
*The Indian in the Cupboard;;Banks, Lynne Reid;9780375847530;R;Fountas and Pinnell;;
*The Witches;;Dahl, Roald;9780142410110;R;Fountas and Pinnell;;
Lowthar's Blade series;;La Fevers, R. L.;9780142405574 (Book One);R;Scholastic;;
Me, All Alone, at the End of the World;;Anderson, M.T.;9780763615864 (Hardcover);R;Scholastic;;
Warriors: The New Prophecy series;Warriors: The New Prophecy;Hunter, Eric;9780060744519 (Book One);R, S, T;Scholastic;;
The Edge Chronicle series;;Stewart, Paul;9780440420873 (Book One);R, S, U;Scholastic;;
City of the Rats;Deltora Quest;Rodda, Emily;9780439253253;S;Scholastic;;
The Forest of Silence;Deltora Quest;Rodda, Emily;9780439253239;S;Scholastic;;
The Lake of Tears;Deltora Quest;Rodda, Emily;9780439253246;S;Scholastic;;
The Shifting Sands;Deltora Quest;Rodda, Emily;9780439253260;S;Scholastic;;
The Valley of the Lost;Deltora Quest;Rodda, Emily;9780439253291;S;Scholastic;;
Dragon's Nest;Dragons Of Deltora;Rodda, Emily;9780439633734;S;Scholastic;;
Isle of the Dead;Dragons Of Deltora;Rodda, Emily;9780439633758;S;Scholastic;;
Shadowgate;Dragons Of Deltora;Rodda, Emily;9780439633741;S;Scholastic;;
The Sister of the South;Dragons Of Deltora;Rodda, Emily;9780439633765;S;Scholastic;;
* Voices ;Midnight Library;Graves, Damien;9780439863568;S;Fountas and Pinnell;;
The Weeping Werewolf;Moongobble and Me;Coville, Bruce;9780689857584;S;Scholastic;;
*My Teacher Flunked the Planet;My Teacher Is an Alien;Coville, Bruce;9781416903314;S;Fountas and Pinnell;;
*My Teacher Fried My Brains;My Teacher Is An Alien;Coville, Bruce;9781416903321;S;Fountas and Pinnell;;
*My Teacher Glows in the Dark;My Teacher Is An Alien;Coville, Bruce;9781416903338;S;Fountas and Pinnell;;
*My Teacher Is An Alien;My Teacher Is An Alien;Coville, Bruce;9781416903345;S;Fountas and Pinnell;;
The Sea Of Monsters;Percy Jackson & The Olympians;Riordan, Rick;9781423103349;S;Scholastic;;
*Poppy;Poppy;Avi;9780380727698;S;Fountas and Pinnell;;
Mexico, 1850;The Vampire Plagues;Rook, Sebastian;9780439633949;S;Scholastic;;
A Dangerous Path;Warriors;Hunter, Erin;9780060525651;S;Scholastic;;
Rising Storm;Warriors;Hunter, Erin;9780060525637;S;Scholastic;;
The Darkest Hour;Warriors;Hunter, Erin;9780060525859;S;Scholastic;;
Dawn;Warriors: The New Prophecy;Hunter, Erin;9780060744571;S;Scholastic;;
*Awake and Dreaming;;Pearson, Kit;9780143056379;S;Fountas and Pinnell;;
*Brave Irene;;Steig, William;9780374409272;S;Fountas and Pinnell;;
*Matilda;;Dahl, Roald;9780142410370;S;Fountas and Pinnell;;
*Which Witch?;;Ibbotson, Eva;9780141304274;S;Fountas and Pinnell;;
Horns and Wrinkles;;Helgerson, Joseph;9780618981786;S;Scholastic;;
The Secret of Platform 13;;Ibbotson, Eva;9780141302867;S;Scholastic;;
The Ellimist Chronicles;Animorphs;Applegate, K.A.;9780439217989;T;Scholastic;;
*Babe and Me;Baseball Card Adventures;Gutman, Dan;9780380805044;T;Fountas and Pinnell;; 
*Honus and Me;Baseball Card Adventures;Gutman, Dan;9780380788781;T;Fountas and Pinnell;;
*Jackie and Me;Baseball Card Adventures;Gutman, Dan;9780380800841;T;Fountas and Pinnell;;
*Mickey and Me;Baseball Card Adventures;Gutman, Dan;9780064472586;T;Fountas and Pinnell;;
*Shoeless Joe and Me;Baseball Card Adventures;Gutman, Dan;9780064472593;T;Fountas and Pinnell;;
Abner and Me;Baseball Card Adventures;Gutman, Dan;9780060534455;T;Scholastic;;
David Rain's Dragons (The Fire Within - first book);David Rain's Dragons;D'Lacey, Chris;9780439672443;T;Scholastic;;
*Dread Mountain;Deltora Quest;Rodda, Emily;9780439253277;T;Fountas and Pinnell;;
Cavern Of The Fear;Deltora Shadowlands;Rodda, Emily;9780439394918;T;Scholastic;;
The Isle Of Illusion;Deltora Shadowlands;Rodda, Emily;9780439394925;T;Scholastic;;
The Shadowlands;Deltora Shadowlands;Rodda, Emily;9780439394932;T;Scholastic;;
Inkspell;Inkheart Trilogy;Funke, Cornelia;9780439554015;T;Scholastic;;
Drowned Wednesday (Book # 3);Keys To The Kingdom;Nix, Garth;9780439436564;T;Scholastic;;
Grim Tuesday (Book # 2);Keys To The Kingdom;Nix, Garth;9780439436557;T;Scholastic;;
Lady Friday (Book # 5);Keys To The Kingdom;Nix, Garth;9780439436588;T;Scholastic;;
Mister Monday (Book # 1);Keys To The Kingdom;Nix, Garth;9780439551236;T;Scholastic;;
Sir Thursday (Book # 4);Keys To The Kingdom;Nix, Garth;9780439436571;T;Scholastic;;
Superior Saturday (Book # 6);Keys To The Kingdom;Nix, Garth;9780439436595;T;Scholastic;;
Fire Star;Last Dragon Chronicles;D'Lacey, Chris;9780439901857;T;Scholastic;;
Icefire;Last Dragon Chronicles;D'Lacey, Chris;9780439672467;T;Scholastic;;
The Fire Within;Last Dragon Chronicles;D'Lacey, Chris;9780439672443;T;Scholastic;;
May Bird and the Ever After;May Bird;Anderson, Jodi Lynn;9781416906070;T;Scholastic;;
May Bird And The Ever After;May Bird Trilogy;Anderson, Jodi Lynn;9781416906070;T;Scholastic;;
Black Water;Pendragon;MacHale, D.J.;9780689869112;T;Scholastic;;
The Rivers Of Zadaa;Pendragon;MacHale, D.J.;9780689869129;T;Scholastic;;
Rowan And The Ice Creepers;Rowan Of Rin;Rodda, Emily;9780064410236;T;Scholastic;;
Rowan And The Travelers;Rowan Of Rin;Rodda, Emily;9780060560720;T;Scholastic;;
Rowan And The Zebak;Rowan Of Rin;Rodda, Emily;9780060560744;T;Scholastic;;
Rowan Of Rin;Rowan Of Rin;Rodda, Emily;9780060560713;T;Scholastic;;
*The Horse And His Boy;The Chronicles Of Narnia;Lewis, C.S.;9780064471060;T;Fountas and Pinnell;;
Prince Caspian;The Chronicles Of Narnia;Lewis, C.S.;9780064471053;T;Scholastic;;
The Last Battle;The Chronicles Of Narnia;Lewis, C.S.;9780064471084;T;Scholastic;;
Starlight;Warriors: The New Prophecy;Hunter, Erin;9780060827625;T;Scholastic;;
Sunset;Warriors: The New Prophecy;Hunter, Erin;9780060827717;T;Scholastic;;
Twilight;Warriors: The New Prophecy;Hunter, Erin;9780060827670;T;Scholastic;;
*Magic by the Lake;;Eager, Edward;9780152020767;T;Fountas and Pinnell;;
*The Lion, The Witch, And The Wardrobe;;Lewis, C.S.;9780064471046;T;Fountas and Pinnell;;
*The Magician's Nephew;;Lewis, C.S.;9780064471107;T;Fountas and Pinnell;;
*The Wish Giver;;Brittain, Bill;9780064401685;T;Fountas and Pinnell;;
Dragon Keeper;;Wilkinson, Carole;9781423101710;T;Scholastic;;
Twelve Impossible Things Before Breakfast;;Yolen, Jane;9780152164447;T;Scholastic;;
*Animorphs series;Animorphs;Applegate, K.A.;9780590629775 (Book One);U;Fountas and Pinnell;;
The People Of Sparks;Books Of Ember;DuPrau, Jeanne;9780375828256;U;Scholastic;;
*Charlie Bone and the Beast;Children of the Red King;Nimmo, Jenny;9780439846653 (Hardcover);U;Fountas and Pinnell;;
*Charlie Bone and the Hidden King;Children of the Red King;Nimmo, Jenny;9780439545303;U;Fountas and Pinnell;;
*Charlie Bone and the Hidden King;Children of the Red King;Nimmo, Jenny;9780439545303 (Hardcover);U;Fountas and Pinnell;;
*Charlie Bone and the Invisible Boy;Children of the Red King;Nimmo, Jenny;9780439545266 (Hardcover);U;Fountas and Pinnell;;
*Charlie Bone and the Shadow;Children of the Red King;Nimmo, Jenny;9780439846691 (Hardcover);U;Fountas and Pinnell;;
*Charlie Bone and the Time Twister;Children of the Red King;Nimmo, Jenny;9780439496872 (Hardcover);U;Fountas and Pinnell;;
*Midnight For Charlie Bone;Children of the Red King;Nimmo, Jenny;9780439488396;U;Fountas and Pinnell;;
*Charlie Bone and the Castle of Mirrors;Children of theRed King;Nimmo, Jenny;9780439545280 (Hardcover);U;Fountas and Pinnell;;
Land of Loss;Everworld;Applegate, K.A.;9780590877510;U;Scholastic;;
*The Ruins Of Gorlan;Ranger's Apprentice;Flanagan, John;9780142406632;U;Fountas and Pinnell;;
*The Boggart;The Boggart;Cooper, Susan;9780689869303;U;Fountas and Pinnell;;
Freeglader;The Edge Chronicles;Stewart, Paul and Riddell, Chris;9780385736114;U;Scholastic;;
*Once Upon a Crime;The Sisters Grimm;Buckley, Michael;9780810995499;U;Fountas and Pinnell;;
*The Fairy-Tale Detectives;The Sisters Grimm;Buckley, Michael;9780810993228;U;Fountas and Pinnell;;
*The Problem Child;The Sisters Grimm;Buckley, Michael;9780810993594;U;Fountas and Pinnell;;
*The Unusual Suspects;The Sisters Grimm;Buckley, Michael;9780810993235;U;Fountas and Pinnell;;
*Fire and Ice;Warriors;Hunter, Erin;9780060525590;U;Fountas and Pinnell;;
*Forest of Secrets;Warriors;Hunter, Erin;9780060525613;U;Fountas and Pinnell;;
*Into the Wild;Warriors;Hunter, Erin;9780060525507;U;Fountas and Pinnell;;
*Book Of Three;;Alexander, Lloyd;9780805080483;U;Fountas and Pinnell;;
*Dragon Slippers;;George, Jessica Day;9781599902753;U;Fountas and Pinnell;;
*Ella Enchanted;;Levine, Gail Carson;9780064407052;U;Fountas and Pinnell;;
*Merlin and the Dragons;;Yolen, Jane;9780140558913;U;Fountas and Pinnell;;
*The BFG;;Dahl, Roald;9780142410387;U;Fountas and Pinnell;;
*The Boggart and the Monster;;Cooper, Susan;9780689869310;U;Fountas and Pinnell;;
*The Magician's Elephant;;DiCamillo, Kate;9780763644109 (Hardcover);U;Fountas and Pinnell;;
*The Miraculous Journey of Edward Tulane;;DiCamillo, Kate;9780763647834;U;Fountas and Pinnell;;
*The Tale of Despereaux;;DiCamillo, Kate;9780763625290;U;Fountas and Pinnell;;
*The Tales of Beedle the Bard;;J.K. Rowling;9780545128285 (Hardcover);U;Fountas and Pinnell;;
Castle In The Air;;Jones, Diana Wynne;9780064473453;U;Scholastic;;
Everworld series;Everworld;Applegate, K. A.;9780590877435 (Book One);U, W, X;Scholastic;;
*The Austere Academy;A Series Of Unfortunate Events;Snicket, Lemony;9780060288884;V;Fountas and Pinnell;; 
*The Carnivorous Carnival;A Series Of Unfortunate Events;Snicket, Lemony;9781615586004;V;Fountas and Pinnell;;
*The Ersatz Elevator;A Series Of Unfortunate Events;Snicket, Lemony;9781615585984;V;Fountas and Pinnell;;
*The Grim Grotto;A Series Of Unfortunate Events;Snicket, Lemony;9781615586028;V;Fountas and Pinnell;;
*The Hostile Hospital;A Series Of Unfortunate Events;Snicket, Lemony;9781615585991;V;Fountas and Pinnell;;
*The Slippery Slope;A Series Of Unfortunate Events;Snicket, Lemony;9781615586011;V;Fountas and Pinnell;;
*The Vile Village;A Series Of Unfortunate Events;Snicket, Lemony;9780060288907;V;Fountas and Pinnell;;
The End;A Series Of Unfortunate Events;Snicket, Lemony;9780060296445 (Hardcover);V;Scholastic;;
The Penultimate Peril;A Series Of Unfortunate Events;Snicket, Lemony;9780064410151 (Hardcover);V;Scholastic;;
Lord Of The Shadows;Cirque Du Freak;Shan, Darren;9780316016612;V;Scholastic;;
Sons Of Destiny;Cirque Du Freak;Shan, Darren;9780316016636;V;Scholastic;;
Fear the Fantastic;Everworld;Applegate, K.A.;9780590877640;V;Scholastic;;
Realm of the Reaper;Everworld ;Applegate, K.A.;9780590877602;V;Scholastic;;
Wild Magic;Immortals;Pierce, Tamora;9781416903437;V;Scholastic;;
*Mrs. Frisby And The Rats Of NIMH;Mrs. Frisby And The Rats Of NIMH;O'Brien, Robert C.;9780689710681;V;Fountas and Pinnell;;
Everlost;Skinjacker Trilogy;Shusterman, Neal;9780689872389;V;Scholastic;;
In The Hand Of The Goddess;Song Of The Lioness Quartet;Pierce, Tamora;9780689878565;V;Scholastic;;
Lioness Rampant;Song Of The Lioness Quartet;Pierce, Tamora;9780689878572;V;Scholastic;;
The Woman Who Rides Like A Man;Song Of The Lioness Quartet;Pierce, Tamora;9780689878589;V;Scholastic;;
*The Thief Lord;The Thief Lord;Funke, Cornelia;9780439420891;V;Fountas and Pinnell;;
*Gregor And The Code Of Claw;Underland Chronicles;Collins, Suzanne;9780439791441;V;Fountas and Pinnell;;
*Gregor And The Curse Of The Warmbloods;Underland Chronicles;Collins, Suzanne;9780439656245;V;Fountas and Pinnell;;
*Gregor And The Marks Of Secret;Underland Chronicles;Collins, Suzanne;9780439791465;V;Fountas and Pinnell;;
*Gregor And The Prophecy Of Bane;Underland Chronicles;Collins, Suzanne;9780439650762;V;Fountas and Pinnell;;
*Gregor The Overlander;Underland Chronicles;Collins, Suzanne;9780439678131;V;Fountas and Pinnell;;
*Alice in Wonderland;;Carroll, Lewis;9780982479520;V;Fountas and Pinnell;;
*Birdwing;;Martin, Rafe;9780439908450;V;Fountas and Pinnell;;
*Dare To Be Scared: Thirteen Stories To Chill And Thrill;;San Souci, Robert D.;9780812626889 (Hardcover);V;Fountas and Pinnell;;
*Harry Potter And The Sorcerer's Stone;;Rowling, J.K.;9780590353427;V;Fountas and Pinnell;;
*Pleasing The Ghost;;Creech, Sharon;9780064406864;V;Fountas and Pinnell;;
*Princess Academy;;Hale, Shannon;9781599900735;V;Fountas and Pinnell;;
*The Bad Beginning;;Snicket, Lemony;9780061146305;V;Fountas and Pinnell;;
*The Miserable Mill;;Snicket, Lemony;9781405249560;V;Fountas and Pinnell;;
*The Mysterious Benedict Society;;Stewart, Trenton Lee;9780316003957;V;Fountas and Pinnell;;
*The Mysterious Benedict Society And The Perilous Journey;;Stewart, Trenton Lee;9780316036733;V;Fountas and Pinnell;;
*The Wide Window;;Snicket, Lemony;9780061146336;V;Fountas and Pinnell;;
Cold Tom;;Prue, Sally;9780439482691;V;Scholastic;;
Eragon: Inheritance, Book 1;;Paolini, Christopher;9780440240730;V;Scholastic;;
The Reptile Room;;Snicket, Lemony;9780061146312;V;Scholastic;;
*The City Of Ember;Books of Ember;DuPrau, Jeanne;9780375822742;W;Fountas and Pinnell;;
Silver On The Tree;Dark Is Rising Sequence;Cooper, Susan;9780689840333;W;Scholastic;;
Brave the Betrayal (Book # 8);Everworld;Applegate, K.A.;9780590878548;W;Scholastic;;
Discover the Destroyer (Book # 5);Everworld;Applegate, K.A.;9780590877626;W;Scholastic;;
Enter the Enchanted(Book # 3);Everworld;Applegate, K.A.;9780590877541;W;Scholastic;;
Entertain the End (Book # 12);Everworld;Applegate, K.A.;9780590879965;W;Scholastic;;
Gateway to the Gods (Book # 7);Everworld;Applegate, K.A.;9780590877664;W;Scholastic;;
Inside the Illusion (Book # 9);Everworld;Applegate, K.A.;9780590878555;W;Scholastic;;
Search for Senna (Book # 1);Everworld;Applegate, K.A.;9780590877435;W;Scholastic;;
Understand the Unknown (Book # 10);Everworld;Applegate, K.A.;9780590879866;W;Scholastic;;
Eldest;Inheritance;Paolini, Christopher;9780375840401;W;Scholastic;;
*Inkheart;Inkheart Trilogy;Funke, Cornelia;9780439709101;W;Fountas and Pinnell;;
Curse Of The Bane;Last Apprentice;Delaney, Joseph;9780060766238;W;Scholastic;;
Revenge Of The Witch;Last Apprentice;Delaney, Joseph;9780060766207;W;Scholastic;;
Leven Thumps And The Gateway To Foo;Leven Thumps;Skye, Obert;9781416928065;W;Scholastic;;
Leven Thumps And The Whispered Secret;Leven Thumps;Skye, Obert;9781416947189;W;Scholastic;;
*The Lightning Thief;Percy Jackson & The Olympians;Riordan, Rick;9780786838653;W;Fountas and Pinnell;;
*The Titan's Curse;Percy Jackson & The Olympians;Riordan, Rick;9781423101482;W;Fountas and Pinnell;;
Flyte;Septimus Heap;Sage, Angie;9780060577360;W;Scholastic;;
Magyk;Septimus Heap;Sage, Angie;9780060577339;W;Scholastic;;
Among The Enemy;Shadow Children;Haddix, Margaret P.;9780689857973;W;Scholastic;;
Enna Burning;The Books of Bayern Series;Hale, Shannon;9781582349060;W;Scholastic;;
*Tuck Everlasting;Tuck Everlasting;Babbitt, Natalie;9780312369811;W;Fountas and Pinnell;;
*A Wrinkle In Time;Wrinkle In Time Quintet;L'Engle, Madeleine;9780312367558;W;Fountas and Pinnell;;
*Coraline;;Gaiman, Neil;9780380807345;W;Fountas and Pinnell;;
*The Phantom Tollbooth;;Juster, Norton;9780394820378;W;Fountas and Pinnell;;
The Artemis Fowl Files;;Colfer, Eoin;9780786836758;W;Scholastic;;
The Goose Girl;;Hale, Shannon;9781582349909;W;Scholastic;;
The Extraordinary Adventures of Alfred Kropp;Alfred Kropp Series;Yancey, Rick;9781599902838;X;Scholastic;;
The Eternity Code;Artemis Fowl;Colfer, Eoin;9780786814930;X;Scholastic;;
The Lost Colony;Artemis Fowl;Colfer, Eoin;9781423124948;X;Scholastic;;
The Opal Deception;Artemis Fowl;Colfer, Eoin;9780786852901;X;Scholastic;;
Ptolemy's Gate;Bartimaeus Trilogy;Stroud, Jonathan;9780786838684;X;Scholastic;;
The Golem's Eye;Bartimaeus Trilogy;Stroud, Jonathan;9780786836543;X;Scholastic;;
*River Secrets;Books of Bayern Series;Hale, Shannon;9781599902937;X;Fountas and Pinnell;;
*Greenwitch;Dark Is Rising Quintet;Cooper, Susan;9780689840340;X;Fountas and Pinnell;;
*Over Sea Under Stone;Dark Is Rising Quintet;Cooper, Susan;9780689840357;X;Fountas and Pinnell;;
*The Grey King;Dark Is Rising Quintet;Cooper, Susan;9780689829840;X;Fountas and Pinnell;;
Lionboy: The Chase;Lionboy;Corder, Zizou;9780142404546;X;Scholastic;;
Lionboy: The Truth;Lionboy;Corder, Zizou;9780142407059;X;Scholastic;;
*Saving the World and Other Extreme Sports;Maximum Ride;Patterson, James;9780316154277;X;Fountas and Pinnell;;
*School's Out-- Forever;Maximum Ride;Patterson, James;9780316067966;X;Fountas and Pinnell;;
*The Angel Experiment;Maximum Ride;Patterson, James;9780446617796;X;Fountas and Pinnell;;
The Final Warning;Maximum Ride;Patterson, James;9780316002868;X;Fountas and Pinnell ;;
*Peter And The Starcatchers;Peter and the Starcatchers;Barry, Dave and Ridley Pearson;9780786849079;X;Fountas and Pinnell;;
Peter And The Shadow Thieves;Peter and the Starcatchers;Barry, Dave and Ridley Pearson;9781423108559;X;Scholastic;;
*Dragon's Blood;Pit Dragon Chronicles;Yolen, Jane;9780152051266;X;Fountas and Pinnell;;
*Heart's Blood;Pit Dragon Chronicles;Yolen, Jane;9780152051181;X;Fountas and Pinnell;;
The Burning Bridge;Ranger's Apprentice;Flanagan, John;9780142408421;X;Scholastic;;
High Rhulain;Redwall;Jacques, Brian;9780441014361;X;Scholastic;;
*Queste;Septimus Heap;Sage, Angie;9780060882099;X;Fountas and Pinnell;;
The Everworld Series: Book 11 (Mystify the Magician);The Everworld Series;Applegate, K.A.;9780590879880;X;Scholastic;;
The Looking Glass Wars;The Looking Glass Wars;Beddor, Frank;9780142409411;X;Scholastic;;
*Kingdom Of The Golden Dragon;;Allende, Isabel;9780060589448;X;Fountas and Pinnell;;
*Seaward;;Cooper, Susan;9780020421900;X;Fountas and Pinnell;;
*The Graveyard Book;;Gaiman, Neil;9780061712821;X;Fountas and Pinnell;;
*The Little Prince;;De Saint-Exupery, Antoine;9780156012195;X;Fountas and Pinnell;;
*The Sea Of Trolls;;Farmer, Nancy;9780689867460;X;Fountas and Pinnell;;
Lionboy;;Corder, Zizou;9780142402269;X;Scholastic;;
The Hunting of the Last Dragon;;Jordan, Sherryl;9780064472319;X;Scholastic;;
The Last Of The Really Great Whangdoodles;;Edwards, Julie Andrews;9780064403146;X;Scholastic;;
The Realms Of The Gods;;Pierce, Tamora;9781416908173;X;Scholastic;;
Turnabout;;Haddix, Margaret P.;9780689840371;X;Scholastic;;
Redwall series;Redwall;Jacques, Brian;9780441005482 (Book One);X, Y, Z;Scholastic;;
*The Arctic Incident;Artemis Fowl;Colfer, Eoin;9780786817085;Y;Fountas and Pinnell;;
*Seeing Stone, The;Arthur Trilogy;Crossley-Holland, Kevin;9780439263276;Y;Fountas and Pinnell;;
The Amulet Of Samarkand;Bartimaeus Trilogy;Stroud, Jonathan;9780786852550;Y;Scholastic;;
Eulalia!;Redwall;Jacques, Brian;9780441016235;Y;Scholastic;;
Lord Brocktree;Redwall;Jacques, Brian;9780441008728;Y;Scholastic;;
Rakkety Tam;Redwall;Jacques, Brian;9780441013180;Y;Scholastic;;
*Artemis Fowl;;Colfer, Eoin;9780786817870;Y;Fountas and Pinnell;;
*Here There Be Dragons;;Yolen, Jane;9780152017057;Y;Fountas and Pinnell;;
*The Giver;;Lowry, Lois;9780440237686;Y;Fountas and Pinnell;;
*The Thief Of Always;;Barker, Clive;9780061091469;Y;Fountas and Pinnell;;
*The Timekeeper;;Kidd, Rob;9781423103660;Y;Fountas and Pinnell;;
Arthur Spiderwick's Field Guide To The Fantastical World Around You;;Black, Holly and Tony DiTerlizzi;9780689859410;Y;Scholastic;;
Just Ella;;Haddix, Margaret P.;9780689831287;Y;Fountas and Pinnell;;
The Saint Of Dragons;;Hightman, Jason;9780060540135;Y;Scholastic;;
Victory;;Cooper, Susan;9781416914785;Y;Scholastic;;
Allies Of The Night;Cirque Du Freak;Shan, Darren;9780316114370;Z;Scholastic;;
Hunters Of The Dusk;Cirque Du Freak;Shan, Darren;9780316602112;Z;Scholastic;;
Killers Of The Dawn;Cirque Du Freak;Shan, Darren;9780316106542;Z;Scholastic;;
The Lake Of Souls;Cirque Du Freak;Shan, Darren;9780316016650;Z;Scholastic;;
The Vampire Prince;Cirque Du Freak;Shan, Darren;9780316602747;Z;Scholastic;;
The Vampire's Assistant;Cirque Du Freak;Shan, Darren;9780316606844;Z;Scholastic;;
Trials Of Death;Cirque Du Freak;Shan, Darren;9780316603959;Z;Scholastic;;
Tunnels Of Blood;Cirque Du Freak;Shan, Darren;9780316606080;Z;Scholastic;;
Vampire Mountain;Cirque Du Freak;Shan, Darren;9780316605427;Z;Scholastic;;
*The Amber Spyglass;His Dark Materials;Pullman, Philip;9780440238157;Z;Fountas and Pinnell;;
*The Golden Compass;His Dark Materials;Pullman, Philip;9780440418320;Z;Fountas and Pinnell;;
*The Subtle Knife;His Dark Materials;Pullman, Philip;9780440238140;Z;Fountas and Pinnell;;
Falcondance;Kiesha'ra;Atwater-Rhodes, Amelia;9780440238850;Z;Scholastic;;
Hawksong;Kiesha'ra;Atwater-Rhodes, Amelia;9780440238034;Z;Scholastic;;
*The Hobbit;Lord Of The Rings;Tolkien, J.R.R.;9780345339683;Z;Fountas and Pinnell;;
*Mariel Of Redwall;Redwall;Jacques, Brian;9780441006946;Z;Fountas and Pinnell;;
*Marlfox;Redwall;Jacques, Brian;9780441006939;Z;Fountas and Pinnell;;
*Mattimeo;Redwall;Jacques, Brian;9780441006106;Z;Fountas and Pinnell;;
*Mossflower;Redwall;Jacques, Brian;9780441005765;Z;Fountas and Pinnell;;
*Outcast Of Redwall;Redwall;Jacques, Brian;9780441004164;Z;Fountas and Pinnell;;
*Salamandastron;Redwall;Jacques, Brian;9780441000319;Z;Fountas and Pinnell;;
Loamhedge;Redwall;Jacques, Brian;9780441011902;Z;Scholastic;;
Triss;Redwall;Jacques, Brian;9780441010950;Z;Scholastic;;
*Among The Betrayed;Shadow Children;Haddix, Margaret P.;9780689839092;Z;Fountas and Pinnell;;
*Among The Hidden;Shadow Children;Haddix, Margaret P.;9780689824753;Z;Fountas and Pinnell;;
Among The Barons;Shadow Children;Haddix, Margaret P.;9780689839108;Z;Scholastic;;
Among The Brave;Shadow Children;Haddix, Margaret P.;9780689857959;Z;Scholastic;;
Among The Free;Shadow Children;Haddix, Margaret P.;9780689857997;Z;Scholastic;;
Among The Impostors;Shadow Children;Haddix, Margaret P.;9780689839085;Z;Scholastic;;
*Uglies;Uglies;Westerfeld, Scott;9780689865381;Z;Fountas & Pinnell;;
*Abarat;;Barker, Clive;9780060596378;Z;Fountas and Pinnell;;
*King of Shadows;;Cooper, Susan;9780689844454;Z;Fountas and Pinnell;;
*Great and Terrible Beauty;Gemma Doyle Trilogy;Bray, Libba;9780385732314;Z+;Fountas and Pinnell;;
*The Thirteenth Skull;Alfred Kropp Series;Yancey, Rick;9781599903637;Z+;Fountas and Pinnell;;
*The Seal of Solomon;Alred Kropp Series;Yancey, Rick;9780747589334;Z+;Fountas and Pinnell;;
*Blood Captain;Vampirates;Somper, Justin;9780316020862;Z+;Fountas & Pinnell;;
*Demons Of The Ocean;Vampirates;Somper, Justin;9780316014441;Z+;Fountas and Pinnell;;
*Tide Of Terror;Vampirates;Somper, Justin;9780316014458;Z+;Fountas and Pinnell;;
Monster Blood For Breakfast!;Goosebumps HorrorLand;Stine, R.L.;9780439918718;;;390;Lexile.com
Say Cheese - And Die Screaming!;Goosebumps HorrorLand;Stine, R.L.;9780439918763;;;390;Lexile.com
The Scream Of The Haunted Mask;Goosebumps HorrorLand;Stine, R.L.;9780439918725;;;400;Lexile.com
Dr. Maniac Vs. Robby Schwartz;Goosebumps HorrorLand;Stine, R.L.;9780439918732;;;410;Lexile.com
My Friends Call Me Monster;Goosebumps HorrorLand;Stine, R.L.;9780439918756;;;410;Lexile.com
Who's Your Mummy?;Goosebumps HorrorLand;Stine, R.L.;9780439918749;;;410;Scholastic
Creep From The Deep;Goosebumps HorrorLand;Stine, R.L.;9780439918701;;;430;Lexile.com
The Magic Paintbrush;;Yep, Laurence;9780064408523;;;440;Lexile.com
Revenge Of The Living Dummy;Goosebumps HorrorLand;Stine, R.L.;9780439918695;;;450;Scholastic
The New Step-Mummy;Meet the Kreeps;Thorpe, Kiki;9780545065627;;;480;Lexile.com
There Goes The Neighborhood;Meet the Kreeps;Thorpe, Kiki;9780545065597;;;480;Lexile.com
A Good Night for Ghosts;Magic Tree House;Osborne, Mary Pope;9780375856488 (Hardcover);;;490;Lexile.com
Skellig;;Almond, David;9780440416029;;;490;Scholastic
Moonlight on the Magic Flute;Magic Tree House;Osborne, Mary Pope;9780375856471;;;500;Lexile.com
Dark Day in the Deep Sea;Magic Tree House;Osborne, Mary Pope;9780375837326;;;520;Lexile.com
The Nanny Nightmare;Meet the Kreeps;Thorpe, Kiki;9780545065603;;;520;Lexile.com
Eve of the Emperor Penguin;Magic Tree House;Osborne, Mary Pope;9780375837340;;;530;Lexile.com
The Mad Scientists;Meet the Kreeps;Thorpe, Kiki;9780545065610;;;530;Lexile.com
The Sweetest Fig;;Van Allsburg, Chris;9780862644987;;;530; Scholastic
The Substitute Teacher from the Black Lagoon;Black Lagoon;Thaler, Mark;9780545077842;;;540;Lexile.com
Beyond The Grave;The 39 Clues;Watson, Jude;9780545090612;;;550;Scholastic
In Too Deep;The 39 Clues;Watson, Jude;9780545090643;;;550;Scholastic
Sky the Blue Fairy;Rainbow Magic;Meadows, Daisy;9780439746847;;;560;Lexile.com
Baaa;;MacAulay, David;9780395395882;;;560;Lexile.com
Hunger;Gone Series;Grant, Michael;9780061449062;;;570;Lexile.com
Fern the Green Fairy;Rainbow Magic;Meadows, Daisy;9780439744676;;;570;Lexile.com
The Never War;Pendragon;MacHale, D.J.;9780743437332;;;580;Lexile.com
The Reality Bug;Pendragon;MacHale, D.J.;9780743437349;;;580;Lexile.com
The Soldiers Of Halla;Pendragon;MacHale, D.J.;9781416914204;;;580;Lexile.com
Inky the Indigo Fairy;Rainbow Magic;Meadows, Daisy;9780439746854;;;580;Lexile.com
Monday with a Mad Genius;Magic Tree House;Osborne, Mary Pope;9780375837302;;;590;Lexile.com
Raven Rise;Pendragon;MacHale, D.J.;9781416914198;;;590;Lexile.com
The Battle Of The Labyrinth;Percy Jackson & The Olympians;Riordan, Rick;9781423101499;;;590;Scholastic
Incarceron;;Fisher, Catherine;9780803733961;;;600;Lexile.com
The Secrets Of Grim Wood;Lowthar's Blade;La Fevers, R.L.;9780142405581;;;610;Lexile.com
Shut Your Mouth;Midnight Library;Graves, Damien;9780439893930;;;610;Lexile.com
The Door to Time;Ulysses Moore;Baccalario, Pierdomenico;9780439930208;;;610;Lexile.com
Jim and Me;Baseball Card Adventures;Gutman, Dan;9780060594961;;;620;Lexile.com
Tagus The Night Horse;Beast Quest;Blade, Adam;9780439024563;;;620;Scholastic
Gone;Gone Series;Grant, Michael;9780061448782;;;620;Lexile.com
Pilgrims Of Rayne;Pendragon;MacHale, D.J.;9781416914174;;;620;Lexile.com
The Last Olympian;Percy Jackson & The Olympians;Riordan, Rick;9781423101475;;;620;Scholastic
Isle of Masks;Ulysses Moore;Bruno, Iacopo;9780439776714;;;620;Lexile.com
The House of Mirrors;Ulysses Moore;Moore, Ulysses;9780439776721;;;620;Lexile.com
The Long-Lost Map;Ulysses Moore;Baccalario, Pierdomenico;9780439776738;;;630;Lexile.com
Sepron The Sea Serpent;Beast Quest;Blade, Adam;9780439906548;;;640;Scholastic
The Sweet Far Thing;Gemma Doyle Trilogy;Bray, Libba;9789449237778;;;640;Lexile.com
The Kingdom Keepers series;The Kingdom Keepers;Pearson, Ridley;9781423123118 (Book One);;;640;Lexile.com
The Cat Lady;Midnight Library;Graves, Damien;9780439893916;;;650;Lexile.com
The Lost City Of Faar;Pendragon;MacHale, D.J.;9780743437325;;;650;Lexile.com
11 Birthdays;;Mass, Wendy;9780545052405;;;650;Scholastic
Cypher The Mountain Giant;Beast Quest;Blade, Adam;9780439922258;;;660;Scholastic
Oath Breaker;Chronicles Of Ancient Darkness;Paver, Michelle;9780060728397;;;660;Lexile.com
Outcast;Chronicles Of Ancient Darkness;Paver, Michelle;9781842551158;;;660;Lexile .com
Wolf Brother;Chronicles Of Ancient Darkness;Paver, Michelle;9780060728274;;;660;Lexile.com
Leven Thumps And The Wrath Of Ezra;Leven Thumps;Skye, Obert;9781416990925;;;660;Lexile.com
The Merchant Of Death;Pendragon;MacHale, D.J.;9780743437318;;;660;Lexile.com
The Quillan Games;Pendragon;MacHale, D.J.;9780689869136;;;660;Lexile.com
The Sword Thief;The 39 Clues;Lerangis, Peter;9780545090599;;;660;Scholastic
The Deadly Catch;Midnight Library;Graves, Damien;9780439893954;;;670;Lexile.com
Demon Thief;The Demonata;Shan, Darren;9780316012386;;;670;Lexile.com
Slawter;The Demonata;Shan, Darren;9780316013888;;;670;
Rebel Angels;Gemma Doyle Trilogy;Bray, Libba;9780385733410;;;680;Lexile.com
The Fire Eternal;Last Dragon Chronicles;D'Lacey, Chris;9780545051644;;;680;Lexile.com
One False Note;The 39 Clues;Korman, Gordon;9780545090605;;;680;Scholastic
Soul Eater;Chronicles Of Ancient Darkness;Paver, Michelle;9780060728335;;;690;Lexile.com
Demon Apocalypse;The Demonata;Shan, Darren;9780316003803;;;690;Lexile.com
Lord Loss;The Demonata;Shan, Darren;9780316012331;;;690;Lexile.com
Zepha The Monster Squid;;Blade, Adam;9780545068635;;;690;Scholastic
Playing With Fire;Skulduggery Pleasant;Landy, Derek;9780061240904;;;700;Lexile.com
The Black Circle;The 39 Clues;Carman, Patrick;9780545060455;;;700;Scholastic
Dragons of Wayward Crescent series, 1-4;;D'Lacey, Chris;9780545168311;;;700;Lexile.com
Jennifer Murdley's Toad;;Coville, Bruce;9780152062460;;;700;Scholastic
Tartok The Ice Beast;Beast Quest;Blade, Adam;9780439024570;;;710;Scholastic
Spirit Walker;Chronicles Of Ancient Darkness;Paver, Michelle;9780060728281;;;710;Lexile.com
Ferno The Fire Dragon;Beast Quest;Blade, Adam;9780439906517;;;720;Scholastic
Secrets Of The Dragon Sanctuary;Fablehaven;Mull, Brandon;9781416990284;;;720;Lexile.com
City of Ashes;Mortal Instruments Trilogy;Clare, Cassandra;9781416972242;;;720;Lexile.com
Beyond the Deepwoods;The Edge Chronicles;Stewart, Paul;9780440420873;;;720;Lexile.com
Epos The Winged Flame;Beast Quest;Blade, Adam;9780439024587;;;730;Scholastic
Briar's Book;Circle Of Magic;Pierce, Tamora;9780590554114;;;730;Lexile.com
Sandry's Book;Circle Of Magic;Pierce, Tamora;9780590554084;;;730;Lexile.com
Fablehaven;Fablehaven;Mull, Brandon;9781416947202;;;730;Lexile.com
Rise Of The Evening Star;Fablehaven;Mull, Brandon;9781416957706;;;730;Scholastic
End Game;Midnight Library;Graves, Damien;9780439871884;;;730;Lexile.com
The Sunlight Slayings;Oliver Nocturne;Emerson, Kevin;9780545058025;;;730;Scholastic
Sent;The Missing;Haddix, Margaret Peterson;9781416954224;;;730;Scholastic
The Knaveheart's Curse;Vampire Island;Griffin, Adele;9780142414071;;;730;Scholastic
Graceling;;Cashore, Kristin;9780547258300;;;730;Scholastic
I Can See You;Midnight Library;Graves, Damien;9780439893947;;;740;Lexile.com
Wolf Island;The Demonata;Shan, Darren;9780316048903;;;740;Lexile.com
Medusa Jones;;Collins, Ross;9780439901000;;;740;Lexile.com
Blood And Sand;Midnight Library;Graves, Damien;9780439871877;;;750;Lexile.com
Voices;Midnight Library;Graves, Damien;9780439863568;;;750;Lexile.com
Bec;The Demonata;Shan, Darren;9780316013901;;;750;Lexile.com
Found;The Missing;Haddix, Margaret P.;9781416954217;;;750;Scholastic
Leven Thumps And The Eyes Of The Want;Leven Thumps;Skye, Obert;9781416947196;;;760;Lexile.com
City of Glass;Mortal Instruments Trilogy;Clare, Cassandra;9781416914303;;;760;Lexile.com
Monster Madness;Nightmare Academy;Lorey, Dean;9780061340475;;;760;Lexile.com
Skulduggery Pleasant;Skullduggery Pleasant;Landy, Derek;9780061231179;;;760;Scholastic
Demonkeeper;;Buckingham, Royce;9780142411667;;;760;Lexile.com
First Light;;Stead, Rebecca;9780440422228;;;760;Lexile.com
The Night Tourist;;Marsh, Katherine;9781423106906;;;760;Scholastic
Taggerung;Redwall;Jacques, Brian;9780441009688;;;770;Lexile.com
Death's Shadow;The Demonata;Shan, Darren;9780316003827;;;770;Lexile.com
Heroes of the Valley;;Stroud, Jonathan;9781423109679;;;770;Lexile.com
The Maze Runner;;Dashner, James;9780385737944;;;770;Lexile.com
Eighth Grade Bites;Chronicles of Vladimir Tod;Brewer, Heather;9780142411872;;;780;Lexile.com
Ninth Grade Slays;Chronicles of Vladimir Tod;Brewer, Heather;9780142413425;;;780;Lexile.com
The Vampire's Photograph;Oliver Nocturne;Emerson, Kevin;9780545058018;;;780;Scholastic
Grip Of The Shadow Plague;Fablehaven;Mull, Brandon;9781416986034;;;790;Lexile.com
Keys to the Demon Prison;Fablehaven;Mull, Brandon;9781606412381;;;790;Scholastic
Wrath Of The Bloodeye;Last Apprentice;Delaney, Joseph;9780061344619;;;790;Lexile.com
Leviathan;;Westerfeld, Scott;9781416971740;;;790;Scholastic
Forest Born;The Books of Bayern Series;Hale, Shannon;9781599901671;;;800;Lexile.com
Vampire Island;;Griffin, Adele;9780142411827;;;800;Scholastic
Night Of The Soul Stealer;Last Apprentice;Delaney, Joseph;9780060766269;;;810;Scholastic
The Two Towers;Lord Of The Rings;Tolkien, J.R.R.;9780345339713;;;810;Scholastic
The Hunger Games;The Hunger Games Trilogy;Collins, Suzanne;9780439023481;;;810;Scholastic
The Song Of The Wanderer;;Coville, Bruce;9780545068253;;;810;Scholastic
Tenth Grade Bleeds;Chronicles of Vladimir Tod;Brewer, Heather;9780142415603;;;820;Lexile.com
Catching Fire;The Hunger Games Trilogy;Collins, Suzanne;9780439023498;;;820;Scholastic
Palace Of Mirrors;;Haddix, Margaret Peterson;9781420000000;;;820;Lexile.com
Inkdeath;Inkheart Trilogy;Funke, Cornelia;978-1905294848;;;830;Lexile.com
Dark Whispers;;Coville, Bruce;9780590459525;;;830;Lexile.com
The Book Of Time;;Provost, Guillaume;9780439883795;;;830;Scholastic
The Silver Chair;The Chronicles Of Narnia;Lewis, C.S.;9780064471091;;;840;Lexile.com
The Magician: The Secrets Of The Immortal Nicholas Flamel;;Scott, Michael;9780385737289;;;840;Scholastic
The Unicorn Chronicles series;;Coville, Bruce;9780760764817;;;840;Scholastic
Under Town;Edgar & Ellen;Ogden, Charles;9781416914129;;;850;Lexile.com
The Sorcerer Of The North;Ranger's Apprentice;Flanagan, John;9780142414293;;;850;Lexile.com
Into The Land Of The Unicorns;;Coville, Bruce;9780545068246;;;850;Scholastic
Heck: Where the Bad Kids Go;Circles of Heck;Basye, Dale E.;9780375840760;;;860;Lexile.com
The Fellowship Of The Ring;Lord of the Rings Trilogy;Tolkien, J.R.R.;9780345339706;;;860;Lexile.com
Pretties;Uglies;Westerfeld, Scott;9780689865398;;;860;Scholastic
Everwild;Skinjaker Trilogy;Shusterman, Neal;9781416958635;;;870;Lexile.com
Fire;;Cashore, Kristin;9780803734616;;;870;Lexile.com
A Sending Of Dragons;Pit Dragon Chronicles;Yolen, Jane;9780152051280;;;880;Scholastic
The Legend Of Luke;Redwall;Jacques, Brian;9780441007738;;;880;Lexile.com
 The Specials;The Uglies ;Westerfeld, Scott;9781416947950;;;880;Scholastic
Specials;Uglies;Westerfeld, Scott;9781416947950;;;880;Lexile.com
Martin The Warrior;Redwall;Jacques, Brian;9780441001866;;;890;Lexile.com
The Alchemyst: The Secrets Of The Immortal Nicholas Flamel;;Scott, Michael;9780385736008;;;890;Scholastic
The Bellmaker;Redwall;Jacques, Brian;9780441003150;;;900;Lexile.com
Igraine The Brave;;Funke, Cornelia;9780439903790;;;900;Scholastic
The Mysterious Benedict Society And The Prisoner's Dilemma;;Stewart, Trenton Lee;9780316045520 (Hardcover);;;900;Scholastic
Return Of The King;Lord Of The Rings;Tolkien, J.R.R.;9780345339737;;;920;Scholastic
The Battle For Skandia;Ranger's Apprentice;Flanagan, John;9780142413401;;;920;Lexile.com
Evermore;Immortal Series;Noel, Allison;9780312532758;;;940;Scholastic
The Time Quake;The Gideon Trilogy;Buckley-Archer, Linda;9781416915294;;;940;Lexile.com
The Icebound Land;Ranger's Apprentice;Flanagan, John;9780142410752;;;950;Lexile.com
The Gammage Cup;;Kendall, Carol;0152024875;;;950;Lexile.com
The Voyage Of The Dawn Treader;The Chronicles Of Narnia;Lewis, C.S.;9780064471077;;;970;Lexile.com
Pearls Of Lutra;Redwall;Jacques, Brian;9780441005086;;;980;Lexile.com
The Long Patrol;Redwall;Jacques, Brian;9780441005994;;;980;Lexile.com
The Time Thief;The Gideon Trilogy;Buckley-Archer, Linda;9781416915287;;;980;Lexile.com
Lips Touch Three Times;;Taylor, Laini;9780545055857;;;990;Lexile.com
Monstrumologist;;Yancey, Rick;9781416984498;;;990;Scholastic
Blue Moon;Immortals Series;Noel, Alyson;9780312532765;;;1050;Scholastic
Brisingr;Inheritance;Paolini, Christopher;9780375826740;;;1050;Scholastic
Ash;;Lo, Malinda;9780316040099;;;1050;Lexile.com
Rare Beasts;Edgar & Ellen;Ogden, Charles;9781416914099;;;1070;Lexile.com
Clash of the Sky Galleons;The Edge Chronicles;Stewart, Paul;9780385736138;;;1070;Lexile.com
Seeing Redd;The Looking Glass Wars;Beddor, Frank;9780142412091;;;1080;Scholastic
The Inheritance;;Alcott, Louisa May;9780140436662;;;1240;Scholastic
Queen of the World: Babymouse;Babymouse;Holm, Jennifer;9780756983321;Unleveled;;;
Arachnid The Spider King;Beast Quest;Blade, Adam;9780545132657;Unleveled;;;
Claw: The Giant Ape;Beast Quest;Blade, Adam;9780545068642;Unleveled;;;
Soltra: The Stone Charmer;Beast Quest;Blade, Adam;9780545068659;Unleveled;;;
The Dark Realm: Narga The Sea Monster;Beast Quest;Blade, Adam;9780545200332;Unleveled;;;
Torgor the Minotaur;Beast Quest;Blade, Adam;9780545200318;Unleveled;;;
Trillion:The Three-Headed Lion;Beast Quest;Blade, Adam;9780545132664;Unleveled;;;
Vipero The Snake Man;Beast Quest;Blade, Adam;9780545068666;Unleveled;;;
Blue Is For Nightmares;Blue Is For Nightmares;Stolarz, Laurie Faria;9780738703916;Unleveled;;;
Red Is For Remembrance;Blue Is For Nightmares;Stolarz, Laurie Faria;9780738707600;Unleveled;;;
Silver Is For Secrets;Blue Is For Nightmares;Stolarz, Laurie Faria;9780738706313;Unleveled;;;
White Is For Magic;Blue Is For Nightmares;Stolarz, Laurie Faria;9780738704432;Unleveled;;;
Eleventh Grade Burns;Chronicles of Vladimir Tod;Brewer, Heather;9780142416471;Unleveled;;;
A Living Nightmare;Cirque Du Freak;Shan, Darren;9780316605106;Unleveled;;;
Frost Bites;Edgar & Ellen;Ogden, Charles;9781416954644;Unleveled;;;
High Wire;Edgar & Ellen;Ogden, Charles;9781416915003;Unleveled;;;
Hot Air;Edgar & Ellen;Ogden, Charles;9781416954651;Unleveled;;;
Nod's Limbs;Edgar & Ellen;Ogden, Charles;9781416915010;Unleveled;;;
Pet's Revenge;Edgar & Ellen;Ogden, Charles;9781416914082;Unleveled;;;
Tourist Trap;Edgar & Ellen;Ogden, Charles;9781416914112;Unleveled;;;
The Dead-Tossed Waves;Forest of Hands and Teeth;Ryan, Carrie;9780385736848;Unleveled;;;
Lies;Gone Series;Grant, Michael;9780061449093;Unleveled;;;
Escape From Horrorland;Goosebumps HorrorLand;Stine, R. L.;9780439918794;Unleveled;;;
Help! We Have Strange Powers!;Goosebumps HorrorLand;Stine, R. L.;9780439918787;Unleveled;;;
Little Shop Of Hamsters;Goosebumps HorrorLand;Stine, R. L.;9780545161954;Unleveled;;;
Streets Of Panic Park;Goosebumps HorrorLand;Stine, R.L.;9780439918800;Unleveled;;;
Welcome To Camp Slither;Goosebumps HorrorLand;Stine, R. L.;9780439918770;Unleveled;;;
Welcome To Horrorland: A Survival Guide;Goosebumps HorrorLand;Stine, R.L.;9780545090087;Unleveled;;;
When The Ghost Dog Howls;Goosebumps HorrorLand;Stine, R. L.;9780545161947;Unleveled;;;
Shadowlands;Immortal Series;Noel, Alyson;9780312650056;Unleveled;;;
Pirates of the Caribbean: City Of Gold;Jack Sparrow;Kidd, Rob;9781423101703;Unleveled;;;
Pirates of the Caribbean: Dance Of The Hours;Jack Sparrow;Kidd, Rob;9781423103677;Unleveled;;;
The Pirate Chase: Pirates of the Caribbean;Jack Sparrow;Kidd, Rob;9781423100201;Unleveled;;;
The Siren Song;Jack Sparrow;Kidd, Rob;9781423100195;Unleveled;;;
The Sword Of Cortes;Jack Sparrow;Kidd, Rob;9781423100614;Unleveled;;;
Lord Sunday (Book # 7);Keys To The Kingdom;Nix, Garth;9780439700900 (Hardcover);Unleveled;;;
Attack Of The Fiend;Last Apprentice;Delaney, Joseph;9780060891299;Unleveled;;;
Fang;Maximum Ride;Patterson, James;9780316036191;Unleveled;;;
Max;Maximum Ride Series;Patterson, James;9780446194068;Unleveled;;;
Kicking And Screaming;Meet the Kreeps;Thorpe, Kiki;9780545131711;Unleveled;;;
Three's A Krowd;Meet the Kreeps;Thorpe, Kiki;9780545131704;Unleveled;;;
City of Bones;Mortal Instruments Trilogy;Clare, Cassandra;9781416955078;Unleveled;;;
Monster Hunters;Nightmare Academy;Lorey, Dean;9780061340444;Unleveled;;;
Blood Ties;Oliver Nocturne;Emerson, Kevin;9780545058032;Unleveled;;;
The Demon Hunter;Oliver Nocturne;Emerson, Kevin;9780545058049;Unleveled;;;
The Eternal Tomb;Oliver Nocturne;Emerson, Kevin;9780545058056;Unleveled;;;
The Age of Bronze;Priates of the Carribean: Jack Sparrow;Kidd, Rob;9781423101680;Unleveled;;;"
"
Physik;Septimus Heap;Sage, Angie;9780060577391;Unleveled;;;
Syren;Septimus Heap;Sage, Angie;9780689711527;Unleveled;;;
Scepter Of The Ancients;Skulduggery Pleasant;Landy, Derek;9780061231179;Unleveled;;;
The Faceless One;Skulduggery Pleasant;Landy, Derek;9780061240911;Unleveled;;;
The Emperor's Code;The 39 Clues;Korman, Gordon;9780545090667;Unleveled;;;
Blood Beast;The Demonata;Shan, Darren;9780316003780;Unleveled;;;
The Time Travelers;The Gideon Trilogy;Buckley-Archer, Linda;9781416915263;Unleveled;;;
Arch Enemy;The Looking Glass Wars;Beddor, Frank;9780803731561;Unleveled;;;
Araboolies on Liberty Street;;Swope, Sam;9780374303907;Unleveled;;;
At The Firefly Gate;;Newbery, Linda;9780440421887;Unleveled;;;
Doppelganger;;Stahler, David;9780060872342;Unleveled;;;
Jeffrey's Ghost series;;Adler, David;9780030692826;Unleveled;;;
Mockingbird;;Erskine, Kathryn;9780399252648;Unleveled;;;
Pockets;;Armstrong, Jennifer;9780517709276;Unleveled;;;
Shiver;;Stiefvater, Maggie;9780545123273;Unleveled;;;
Silver;;Kidd, Rob;9781423101697;Unleveled;;;
The Coming Storm;;Kidd, Rob;9781423100188;Unleveled;;;
The Forest of Hands and Teeth;;Ryan, Carrie;9780385736824;Unleveled;;;
The Magician's House Quartet;;Osborn, Mary Pope;1575847051;Unleveled;;;
The Prince of the Pond;;Napoli, Donna Jo;9780606070713;Unleveled;;;
The Sorceress;;Scott, Michael;9780385735292;Unleveled;;;
The Winter Knights;;Stewart, Paul;9780375837418;Unleveled;;;
Uncle Montague's Tales Of Terror;;Priestley, Chris;9781599901183;Unleveled;;;
V is for... Vampire;;Griffin, Adele;9780399252778;Unleveled;;;
Wishworks, Inc.;;Tolan, Stephanie;9780545031554;Unleveled;;;
Witch and Wizard;;Patterson, James;9780316071055;Unleveled;;;
